{
  "minecraft:recipes/decorations/crafting_table": {
    "criteria": {
      "unlock_right_away": "2024-09-25 07:40:43 +0000"
    },
    "done": true
  },
  "minecraft:adventure/adventuring_time": {
    "criteria": {
      "minecraft:ice_spikes": "2024-09-25 07:41:33 +0000",
      "minecraft:beach": "2024-09-25 07:41:20 +0000",
      "minecraft:frozen_river": "2024-09-25 07:43:47 +0000",
      "minecraft:snowy_plains": "2024-09-25 07:40:44 +0000",
      "minecraft:snowy_beach": "2024-09-25 07:42:39 +0000",
      "minecraft:plains": "2024-09-25 07:41:07 +0000"
    },
    "done": false
  },
  "DataVersion": 3700
}